date time,attacker id,att name,att power,att team,defender id,def name,def power,team,points,attacker pets,defender pets,comment,A flag/totem,D flag/totem,A flag desc/Totem skills,D flag desc/Totem skills,replay
11/08 23:45,61869137,ToriOry,1233166,Игн(218) Ияр(253) Ара(221) Сол(315) Мол(226),54711783,Flash,1242173,Ава(240) Вер(206) Сол(318) Эде(223) Ияр(255),,,,,О6-130 С6-130,Д6-130 С6-130,ПВ5 ПР5 ЛП5 ЗС3,ГС4 ЭЭ5 ЛП5 ЗС5,https://www.hero-wars.com?replay_id=1786481137005801597
11/08 23:03,61882156,3.14_ZDETS,1104954,Гип(212) Сол(265) Тид(188) Нов(223) Риг(216),57790533,Allimadabe,1142667,Анг(239) Ава(239) Вер(205) Эде(222) Сил(239),,,,,В6-130 С6-130,Д6-130,ГС4 ТК4 ГН3 ПР4,ГС4 ЭЭ4  ,https://www.hero-wars.com?replay_id=1786478605255668021
11/08 19:17,62145280,Nata,1266285,Тен(305) Умб(209) Амо(253) Мор(229) Риг(270),37347116,RICK,1265449,Ава(242) Вер(208) Сол(318) Эде(225) Ияр(272),,,,,Т6-130 С6-130,Д6-130 С6-130,ГН2 ТК2 ЛП5 ЗС3,ГС5 ЭЭ5 ВС5 ЗС5,https://www.hero-wars.com?replay_id=1786465063409478033
11/08 19:04,62145280,Nata,1139045,Игн(180) Ияр(253) Ара(196) Сол(315) Мол(195),46579191,Pup,1257206,Ава(244) Вер(227) Умб(239) Эде(227) Тен(320),,,,,О6-130 С6-130,Д6-130 Т6-130,ПВ1 ПР1 ЛП5 ЗС3,ГС6 ЭЭ5 ГН5 ТК6,https://www.hero-wars.com?replay_id=1786464262488160842
11/08 12:29,61882250,Kamul27rus,1034414,Эде(217) Ара(201) Вер(189) Аше(195) Ава(233),57356224,Stranger,1273933,Риг(270) Ава(241) Вер(224) Сол(315) Эде(224),35,,,,Д6-130 О6-124,Д6-130 С6-130,ГС3 ЭЭ1 ПВ1 ПР1,ГС5 ЭЭ4 ЛП5 ЗС3,https://www.hero-wars.com?replay_id=1786440542816781043
11/08 11:32,62160428,Joker,1196994,Люм(203) Эде(228) Сол(309) Вер(211) Анг(245),57224776,Big Horn,1312877,Бру(272) Мор(272) Вер(225) Эде(225) Тен(318),35,,,,Д6-130 С6-81,Т6-130 Д6-130,ГС6 ЭЭ6 ЛП6 ЗС5,ГН5 ТК5 ГС5 ЭЭ5,https://www.hero-wars.com?replay_id=1786437134024211595
11/08 06:56,61882154,Виларт,1153142,Игн(201) Тен(309) Вул(197) Мор(231) Мол(215),57430078,Down Home,1257592,Анг(242) Вер(225) Сол(314) Эде(225) Ияр(252),35,,,,О6-130 Т6-130,Д6-130 С6-130,ПВ4 ПР5 ГН3 ЗС4,ГС5 ЭЭ5 ЛП4 ЗС4,https://www.hero-wars.com?replay_id=1786420568622071940
11/08 06:29,61882154,Виларт,1080616,Гип(225) Ара(219) Маи(215) Аше(202) Нов(219),12185147,Magmaheart,1311545,Риг(275) Анг(244) Ава(244) Сол(321) Эде(227),35,,,,В6-130 О6-130,Д6-130 С6-130,ШГ5 ТК5 ПВ4 ПР5,ГС6 ЭЭ5 ГП6 ЗС5,https://www.hero-wars.com?replay_id=1786418948453979195
11/08 05:01,62092872,MEDVED,1089730,Тен(302) Гип(201) Умб(181) Тид(175) Мор(231),22117377,Kronos,1392577,Бру(276) Мор(276) Умб(242) Кер(276) Тен(323),35,,,,Т6-130 В6-130,Т6-130,ГН5 ТК5 ШГ5 ПД5,ГН6 ЗС6  ,https://www.hero-wars.com?replay_id=1786413708764186681
11/08 04:57,62092872,MEDVED,1083288,Люм(217) Ияр(219) Сол(241) Вер(200) Ава(205),57803346,Northman,1273068,Бру(276) Тид(208) Умб(242) Гип(225) Тен(323),35,,,,С6-130 Д6-130,Т6-130 В6-130,ЛП5 ЗС5 ГС5 ЭЭ5,ПГ6 ЗС6 ШГ5 ПД5,https://www.hero-wars.com?replay_id=1786413446998738310
11/08 01:52,61882267,ZOV,1268633,Люм(238) Игн(243) Ара(226) Сол(318) Мол(243),29295914,Jarrah,1299509,Мол(242) Сол(318) Ара(225) Ияр(272) Игн(242),35,,,,О6-130 С6-130,О6-130 С6-130,ПВ6 ПР4 ЛП5 ЗС5,ПВ5 ЗС5 ЛП5 ПР5,https://www.hero-wars.com?replay_id=1786402328647866604
11/08 01:46,62138549,YaElf,1106757,Люм(179) Тен(307) Сол(238) Умб(203) Риг(180),57744477,Klan Glenfell,1122602,Нов(245) Аше(211) Тид(211) Ара(228) Гип(228),35,,,,Т6-130 С6-127,В6-130 О6-130,ГН2 ТК3 ЛП1 ЗС2,ШГ6 ПД6 ТМ6 ПР6,https://www.hero-wars.com?replay_id=1786401975284715030
11/08 01:22,62138549,YaElf,974598,Гип(219) Эде(186) Вер(181) Тид(204) Ава(185),57799068,Hercule,1331014,Риг(276) Вер(228) Сол(323) Эде(228) Ияр(276),35,,,,Д6-130 В6-130,С6-130 Д6-130,ГС2 ЭЭ3 ШГ3 ПД5,ЛП6 ЗС6 ГС6 ЭЭ6,https://www.hero-wars.com?replay_id=1786400530810838451
11/08 00:28,62084542,БлондИ,1249963,Гип(220) Сол(318) Тид(203) Риг(272) Сиг(236),54711795,Supergirl,1278730,Мор(272) Вер(225) Умб(238) Эде(225) Тен(318),35,,,,В6-130 С6-130,Т6-130 Д6-130,ШГ3 ПД4 ЛП5 ЗС5,ГН5 ТК5 ГС5 ЭЭ5,https://www.hero-wars.com?replay_id=1786397322870975577
11/08 00:19,62084542,БлондИ,1087415,Эде(225) Ара(221) Вер(208) Аше(204) Ава(230),57744477,Klan Glenfell,1300175,Риг(276) Ава(245) Вер(228) Сол(323) Эде(228),35,,,,Д6-130 О6-130,Д6-130 С6-130,ГС5 ЭЭ5 ПВ3 ПР5,ГП6 ЭЭ6 ПГ6 ТК6,https://www.hero-wars.com?replay_id=1786396766461061367
10/08 21:39,62163138,Igor25,1158590,Гип(225) Маи(242) Тид(208) Нов(242) Сиг(242),12185107,Zeus,1350392,Бру(271) Мор(254) Умб(237) Кер(271) Тен(317),35,,,,В6-130,Т6-130,ШГ5 ПД5  ,ГН5 ТК4  ,https://www.hero-wars.com?replay_id=1786387150444952363
10/08 20:11,62138500,Diablo,1177978,Гип(221) Ияр(232) Сол(317) Тид(196) Нов(213),57723195,Tom Bombadil,1404564,Умб(242) Сол(323) Ияр(276) Тен(323) Люм(242),35,,,,В6-130 С6-130,С6-130 Т6-130,ШГ3 ПД5 ЛП4 ЗС6,ЛП6 ЗС6 ГН6 ТК6,https://www.hero-wars.com?replay_id=1786381911731648792
10/08 20:08,62082395,Винни,1286479,Тен(311) Ияр(193) Сол(310) Умб(207) Бру(266),12185107,Zeus,1339613,Риг(272) Амо(255) Сол(318) Ияр(255) Люм(238),35,,,,Т6-130 С6-130,С6-130,ЛП3 ПР4 ПВ3 ЗС3,ЛП5 ЗС5  ,https://www.hero-wars.com?replay_id=1786381727561815864
10/08 19:58,61882142,B.i.G,1073557,Тен(220) Гип(199) Сол(252) Тид(190) Риг(212),57405561,Team DodgeBall,1385540,Риг(272) Умб(238) Сол(318) Тен(318) Люм(238),35,,,,С6-130 В6-130,С6-130 Т6-130,ГН2 ЗС3 ЛП3 ПД3,ЛП5 ЗС5 ГН5 ТК5,https://www.hero-wars.com?replay_id=1786381090281974654
10/08 19:56,61882142,B.i.G,1010433,Игн(209) Ара(206) Аше(197) Вул(189) Мол(209),57795697,Spectral,1300131,Ава(245) Вер(228) Сол(323) Эде(228) Ияр(276),35,,,,О6-130,Д6-130 С6-130,ГС3 ПД3  ,ГС6 ЭЭ6 ЛП6 ЗС6,https://www.hero-wars.com?replay_id=1786380960553212041
10/08 19:54,62155801,Dobraia Feя,1271946,Тен(305) Сол(272) Кер(244) Умб(206) Мор(244),57795697,Spectral,1122600,Сиг(245) Аше(211) Тид(211) Ара(228) Гип(228),35,,,,Т6-114,В6-130 О6-130,ГН3 ЭЭ3  ,ШГ6 ПД6 ПВ6 ПР6,https://www.hero-wars.com?replay_id=1786380851143901321
10/08 15:05,62084554,VIKTOR,1048992,Эде(216) Вер(197) Тид(206) Ава(191) Сиг(240),57847826,Team Rocky W,1195054,Мол(215) Мор(251) Аше(208) Тен(312) Игн(209),35,,,,Д6-130 В6-130,О6-130 Т6-130,ГС5 ЭЭ5 ШГ4 ПД5,ПВ5 ПР5 ПГ3 ЗС5,https://www.hero-wars.com?replay_id=1786363533802573779
10/08 14:46,62156837,Бесенок Ната,1245837,Игн(217) Ияр(254) Ара(221) Сол(317) Мол(238),39340684,RICK B,1282448,Бру(272) Мол(242) Ара(225) Тен(318) Игн(225),35,,,,О6-130 С6-130,О6-130 Т6-130,ПВ3 ПР5 ЛП4 ЗС6,ПВ5 ПР5 ГА5 ТК5,https://www.hero-wars.com?replay_id=1786362410984187387
10/08 14:46,62156837,Бесенок Ната,915676,Люм(212) Тен(203) Умб(144) Мор(153) Риг(203),20858817,LOKI,1158563,Мол(242) Вул(242) Аше(208) Ара(225) Игн(242),35,,,,С6-130 Т4-67,О6-130,ЛП4 ЗС6 ГН1 ,ПВ5 ПР5  ,https://www.hero-wars.com?replay_id=1786362361673457534
10/08 14:45,61958839,Бальдр,1158590,Гип(225) Маи(242) Тид(208) Нов(242) Сиг(242),57799068,Hercule,1314081,Мол(244) Кер(276) Ара(227) Тен(323) Игн(244),35,,,,В6-130,О6-130 Т6-130,ШГ5 ПД5  ,ПВ6 ПР5 ГН6 ТК6,https://www.hero-wars.com?replay_id=1786362303860790985
10/08 14:41,61958839,Бальдр,1186456,Сил(244) Эде(227) Вер(227) Ава(244) Анг(244),57847858,Mithrandir,1114852,Ава(215) Вер(166) Сол(288) Эде(218) Люм(227),35,,,,Д6-130,С6-128 Д6-127,ШГ6 ЭЭ5  ,ЛП4 ЗС4 ГС5 ЭЭ5,https://www.hero-wars.com?replay_id=1786362118897166387
10/08 11:11,61883387,FEDOR,922745,Гип(220) Ара(166) Тид(206) Аше(118) Нов(213),20858817,LOKI,1282482,Ава(242) Вер(225) Сол(318) Эде(225) Ияр(272),35,,,,В6-130 О3-110,Д6-130 С6-130,ШГ4 ПД5 ПВ4 ПР1,ГС5 ЭЭ5 ЛП5 ЗС5,https://www.hero-wars.com?replay_id=1786349465465159828
10/08 10:43,62160428,Joker,1133180,Тен(318) Ара(214) Умб(203) Аше(191) Мол(207),57847826,Team Rocky W,1265352,Ава(242) Вер(208) Сол(318) Ияр(255) Сил(242),35,,,,Т6-130 О6-110,Д6-130 С6-130,ГН5 ТК5 ПВ5 ПР5,ГС5 ЭЭ5 ЛП5 ТК5,https://www.hero-wars.com?replay_id=1786347789556427230
10/08 09:49,61882137,G_G,1056992,Люм(215) Ара(210) Сол(211) Аше(206) Мол(214),39340684,RICK B,1214289,Ава(225) Вер(208) Сол(318) Эде(225) Люм(238),35,,,,О6-130 С6-130,Д6-130 С6-130,ПВ5 ПР6 ЛП6 ТК5,ЗП5 ЭЭ5 ВС5 ЗС5,https://www.hero-wars.com?replay_id=1786344571374831290
10/08 09:08,61882137,G_G,982024,Гип(199) Эде(217) Вер(184) Тид(179) Ава(202),57803346,Northman,1282880,Риг(276) Ава(245) Вер(211) Сол(323) Эде(228),35,,,,Д6-130 В6-130,Д6-130 С6-130,ГС5 ЭЭ5 ШГ4 ПД5,ГП6 ЭЭ6 ПГ6 ТК6,https://www.hero-wars.com?replay_id=1786342095525123175