dateTime,attackerId,attackerName,attackerPower,attackerTeam,defenderId,defenderName,defenderPower,defenderTeam,points,attackerPets,defenderPets
"15/08 21:38","62084537","Фартовый","1184497","Хор(182) Ори(203) Фла(191) Кас(194) Неб(204) Кри(210)","43276411","DedoWideHardo","1042607","Эле(193) Йор(170) Фла(170) Пол(145) Тея(183) Хор(182)","35","Мар(10154) Бис(10154) Мер(11064) Каи(10154) Хор(11064)","Бис(11064) Оли(11064) Акс(11064) Мар(11064) Мер(11064)"
"15/08 21:28","62084540","SVAROG","1167607","Хор(182) Пол(192) Ори(207) Фла(192) Йор(197) Эле(197)","62157775","D..","1182696","Чаб(213) Йор(202) Фла(192) Сом(186) Фоб(208) Оли(182)","35","Хор(11064) Мар(11064) Мер(11064) Акс(11064) Оли(11064)","Оли(11064) Акс(11064) Хор(11064) Фен(11064) Мер(11064)"
"15/08 17:13","62138500","Diablo","1060284","Акс(182) Ада(193) Фла(184) Йор(132) Айз(175) Кей(196)","61360675","Ico","1118999","Эле(198) Ами(199) Йор(178) Фла(188) Тея(175) Хор(182)","35","Каи(11064) Мер(11064) Акс(11064) Оли(11064) Бис(11064)","Мер(11064) Акс(11064) Оли(11064) Бис(11064) Мар(11064)"
"15/08 14:42","61883387","FEDOR","1082767","Хор(182) Дор(186) Ори(203) Фла(168) Кас(159) Эле(186)","62052910","Starstruck","1118721","Эле(188) Ами(198) Фла(176) Ори(193) Авг(182) Хор(182)","35","Акс(11064) Мар(9428) Бис(9428) Мер(10378) Оли(9428)","Акс(11064) Оли(11064) Хор(11064) Мер(11064) Аль(11064)"
"15/08 14:31","62084542","БлондИ","972672","Бис(182) Пол(186) Бир(152) Гал(202) Муш(138) Юли(113)","39382916","RocketIsAlive","1144246","Эле(195) Юли(203) Йор(175) Фла(192) Пол(197) Оли(182)","35","Мар(11064) Хор(11064) Аль(11064) Акс(11064) Оли(11064)","Мер(11064) Акс(11064) ### Хор(11064) Мар(11064)"
"15/08 14:21","62084542","БлондИ","1184266","Хор(182) Ори(204) Фла(190) Кас(194) Неб(204) Кри(210)","18685248","((--[4FUN]--))","1089748","Эле(192) Ара(193) Ами(189) Йор(152) Фла(181) Хор(182)","35","Мар(11064) Акс(11064) Мер(11064) Каи(11064) Бис(11064)","Бис(11064) Мар(11064) Оли(11064) Акс(11064) Хор(11064)"
"15/08 13:40","62084542","БлондИ","1157582","Хор(182) ЛаК(227) Себ(202) Айз(196) Гус(180) Ясм(171)","61360675","Ico","1048654","Чаб(166) Ара(197) Фоб(144) Пол(165) Фаф(195) Оли(182)","35","Век(11064) Аль(11064) Оли(11064) Акс(11064) Каи(11064)","### ### ### ### ###"
"15/08 13:17","61882154","Виларт","1110182","Акс(182) Эйд(158) ЛаК(205) Ада(179) Исм(201) Аст(186)","61953095","Martingal","1189723","Лир(190) Неб(204) Себ(202) ЛаК(226) Эйд(187) Акс(182)","35","Аль(11064) Век(9498) Бис(10114) Оли(6132) Акс(11064)","Фен(11064) Каи(11064) Аль(11064) Век(11064) Мер(11064)"
"15/08 09:54","61882154","Виларт","1108419","Акс(182) Дже(148) Себ(195) Неб(191) К'А(205) Лир(187)","18116975","Jayman","1136005","Крв(190) Руф(190) Аст(190) Муш(195) Дор(190) Акс(182)","35","Акс(11064) Аль(11064) Каи(4773) Век(9498) Оли(6132)","### ### ### ### ###"
"15/08 09:51","61882154","Виларт","1118552","Акс(182) Лар(188) Ори(198) Фла(176) Кас(176) Кри(199)","Lord","Shane","1181083","Лир(192) Себ(203) ЛаК(226) Эйд(196) Дор(181) Акс(182)","35","Мар(7422) Мер(6894) Хор(10154) Акс(11064) Бис(10114)","Оли(11064) Фен(11064) Век(11064) Мер(11064) ###"
"15/08 08:53","61882137","G_G","1137032","Хор(175) Пол(182) Фла(184) Кас(195) Ами(201) Кри(200)","Sire","Cei","1209028","Лир(196) Исм(207) Себ(202) ЛаК(226) Эйд(196) Акс(182)","35","Мар(8108) Бис(8518) Мер(11064) Оли(9428) Акс(9874)","Оли(11064) Фен(11064) Аль(11064) Век(11064) Хор(11064)"
"15/08 08:46","61882137","G_G","1093394","Хор(175) Себ(202) Неб(202) Айз(168) Гус(167) Лир(180)","18647798","(-Xavier-)","1172899","Юли(203) Ара(212) Йор(189) Фла(192) Пол(196) Хор(182)","35","Аль(11064) Каи(9456) Оли(9428) Акс(9874) Фен(9439)","Оли(11064) Мар(11064) Акс(11064) Хор(11064) Бис(11064)"
"15/08 08:40","61882137","G_G","1036249","Оли(173) Фаф(167) Дор(175) Ада(181) Йор(153) Юли(188)","50485544","Huma","1056478","Эле(186) Йор(164) Фла(178) Пол(188) Тея(159) Хор(182)","35","Мар(8108) Мер(11064) Каи(9456) Акс(9874) Оли(9428)","Оли(11064) Акс(11064) Мер(11064) Хор(11064) Мар(11064)"
"15/08 08:11","61883387","FEDOR","1133707","Акс(171) ЛаК(214) Йор(173) Себ(196) Айз(180) Дан(200)","18446130","Kigis","1083663","Юли(188) Ами(201) Йор(155) Фла(184) Тея(174) Оли(182)","35","Век(9439) Акс(11064) Аль(11064) Оли(9428) Каи(11064)","Оли(11064) Бис(11064) Акс(11064) Мер(11064) Мар(11064)"
"15/08 01:55","61958839","Бальдр","1003947","Акс(182) Кас(187) Йор(156) Хай(139) Бир(167) Кри(173)","61953095","Martingal","1003495","Эле(181) Гус(158) Бир(142) Фла(178) Пол(163) Хор(182)","35","Хор(10154) Оли(11064) Каи(11064) Бис(10154) Акс(11064)","Оли(11064) Акс(11064) Хор(11064) Бис(11064) Мар(11064)"
"14/08 21:02","62084554","VIKTOR","1129058","Хор(182) Авг(195) Ори(204) Фла(189) Бир(167) Эле(192)","50485544","Huma","1172806","Лир(187) Исм(207) Себ(202) ЛаК(223) Фаф(172) Акс(182)","35","Аль(11064) Хор(11064) Акс(11064) Бис(9734) Мер(9428)","Бис(11064) Фен(11064) Аль(11064) Век(11064) ###"
"14/08 21:00","62084554","VIKTOR","1156466","Хор(182) Себ(192) Исм(199) Три(192) Лир(191) Гал(202)","18116975","Jayman","1190981","Лир(185) Исм(196) Себ(203) ЛаК(227) Эйд(198) Бис(182)","35","Аль(11064) Мар(9428) Фен(8518) Оли(10154) Бис(9734)","### ### Фен(11064) Век(11064) Мер(11064)"
"14/08 20:35","61882142","B.i.G","1085997","Оли(169) Баб(165) Ада(174) Йор(175) Джу(198) Гал(205)","62051875","Barbarossa","1069024","Эле(194) Бир(169) Фол(173) Авг(189) Пол(163) Хор(182)","35","Акс(9692) Каи(8332) Оли(11064) Век(9428) Аль(11064)","Оли(11064) ### Хор(11064) Аль(11064) ###"
"14/08 19:01","62160428","Joker","1208684","Хор(182) Фаф(205) ЛаК(224) Себ(200) Исм(207) Лир(191)","50473376","SZACHI","1211137","Лир(191) Исм(207) Неб(204) Себ(202) ЛаК(226) Акс(182)","35","Мар(11064) Век(11064) Аль(11064) Фен(11064) Оли(11064)","Оли(11064) Фен(11064) Каи(11064) Аль(11064) Век(11064)"
"14/08 19:00","62160428","Joker","1145654","Хор(182) Дор(192) Авг(194) Ори(203) Фла(185) Эле(190)","62152516","Yoktilar","1094529","Эле(172) Кас(186) Фла(161) Ори(195) Авг(198) Хор(182)","35","Мер(11064) Аль(11064) Акс(11064) Хор(11064) Бис(11064)","Мер(11064) Хор(11064) Акс(11064) Мар(11064) Аль(11064)"
"14/08 18:48","62163138","Igor25","1157082","Хор(182) Гел(208) Ада(191) Фла(191) Йор(190) Эле(195)","39382916","RocketIsAlive","1208659","Лир(192) Исм(208) Себ(203) ЛаК(227) Фаф(195) Акс(182)","35","Мер(11064) Фен(11064) Хор(11064) Акс(7848) Оли(11064)","Оли(11064) Фен(11064) Аль(11064) Век(11064) ###"
"14/08 17:06","2","718","928045","Хор(146) Дор(88) Авг(179) Ори(189) Йор(147) Эле(179)","50447863","Orde","1088142","Эле(187) Ара(180) Фла(177) Ори(183) Пол(178) Хор(182)","35","Мер(7818) Аль(9064) Мар(4773) Акс(9428) Оли(8546)","Оли(11064) Мар(11064) Мер(11064) Хор(11064) Бис(11064)"
"14/08 16:56","2","718","1046181","Акс(155) ЛаК(194) Себ(183) Неб(176) Айз(171) Лир(167)","62152514","Ryuk","1126077","Эле(190) Кас(172) Фла(180) Ори(207) Авг(195) Хор(182)","35","Век(5766) Аль(9064) Каи(6063) Оли(8546) Фен(8574)","Оли(11064) Мер(11064) Акс(11064) Мар(11064) Аль(11064)"
"14/08 15:38","62092872","MEDVED","1055776","Хор(164) Авг(186) Ори(194) Фла(178) Йор(162) Эле(171)","50447863","Orde","1143482","Лир(176) Исм(179) Себ(189) ЛаК(223) Фаф(194) Акс(182)","35","Аль(11064) Бис(11064) Хор(11064) Акс(11064) Мер(7137)","### Фен(11064) ### Век(11064) ###"
"14/08 15:34","62092872","MEDVED","1131914","Акс(168) Себ(203) Неб(205) Айз(186) Лир(190) Гал(180)","62051875","Barbarossa","1042105","Юли(188) Ами(191) Йор(130) Фла(186) Тея(165) Оли(182)","35","Аль(11064) Каи(11064) Оли(11064) Фен(8518) Бис(11064)","Бис(11064) Акс(11064) ### Мер(11064) Мар(11064)"
"14/08 10:54","62084549","Тихая","1120490","Хор(173) Дор(180) Ори(200) Фла(182) Кас(185) Кри(200)","Eques","Lucis","1155219","Лир(183) Исм(201) Себ(202) ЛаК(217) Фаф(171) Акс(182)","35","Акс(9428) Мар(6894) Бис(6030) Мер(8518) Хор(9439)","Фен(11064) Мар(11064) Аль(11064) Век(11064) ###"
"14/08 10:30","62084549","Тихая","1146656","Акс(155) Эйд(188) ЛаК(216) Себ(200) Исм(201) Лир(186)","62157775","D..","1223215","Лир(198) Неб(205) Себ(203) ЛаК(227) Фаф(208) Акс(182)","35","Хор(9439) Век(8518) Аль(9428) Фен(8518) Оли(8700)","Бис(11064) Каи(11064) Аль(11064) Век(11064) Мар(11064)"
"14/08 03:32","61882267","ZOV","1155683","Хор(182) Пол(191) Фла(187) Кас(192) Йор(196) Кри(208)","62070794","GordiGoes","1117804","Эле(197) Гус(185) Бир(186) Эйд(196) Тея(172) Акс(182)","35","Мар(9132) Бис(11064) Мер(11064) Оли(9428) Акс(10154)","Бис(11064) Фен(11064) Хор(11064) Аль(11064) ###"
"14/08 01:49","62138549","YaElf","1054020","Мер(126) Эйд(187) Авг(188) Фла(182) Кас(186) Эле(184)","62086352","Ark","1191833","Гал(195) Лир(178) Три(207) Себ(203) ЛаК(226) Аль(182)","35","Мер(8108) Аль(11064) Бис(9428) Хор(9484) Акс(6922)","### ### Фен(11064) Аль(11064) Век(11064)"
"14/08 01:39","62138549","YaElf","984547","Мер(126) Баб(189) Пол(101) Ори(200) Бир(171) Муш(197)","62086352","Ark","1176600","Юли(213) Ами(202) Йор(190) Фла(192) Тея(197) Оли(182)","35","Акс(6922) Бис(9428) Мар(6894) Хор(9484) Оли(11064)","Бис(11064) Оли(11064) Акс(11064) Хор(11064) Мар(11064)"
"13/08 23:49","61882204","Лапочка","1140071","Акс(172) Фаф(191) ЛаК(215) Неб(173) Дан(199) Лир(190)","43276411","DedoWideHardo","1127983","Май(188) Неб(204) Эйд(191) Дор(175) Баб(188) Оли(182)","35","Мар(5766) Век(5766) ### Каи(11064) Оли(8518)","### Каи(11064) Хор(11064) ### ###"
"13/08 23:26","61882204","Лапочка","962724","Хор(172) Дор(86) Авг(168) Ори(185) Фла(175) Эле(177)","18647798","(-Xavier-)","1197973","Гал(194) Лир(193) Три(199) Себ(203) ЛаК(227) Акс(182)","35","Мер(5766) Аль(11064) Бис(5766) Акс(10154) Оли(8518)","### Фен(11064) ### Аль(11064) Век(11064)"
"13/08 23:18","61882204","Лапочка","886341","Акс(172) Себ(193) Айз(156) Гус(81) Ясм(206) Гал(78)","62070789","Immortal","1116903","Чаб(193) Ара(209) Йор(153) Фла(192) Фаф(188) Хор(182)","35","Аль(11064) Оли(8518) Фен(8518) Каи(11064) Бис(5766)","Оли(11064) Мар(11064) ### Акс(11064) ###"
"13/08 22:57","62138549","YaElf","1040182","Акс(118) Себ(200) Неб(200) Айз(186) Гус(153) Лир(183)","55363094","VampBlazer","1104685","Эле(197) Гус(169) Бир(186) Фла(192) Пол(179) Хор(182)","35","Аль(11064) Каи(9579) Оли(11064) Акс(6922) Фен(7021)","Оли(11064) Акс(11064) Мер(11064) Хор(11064) Бис(11064)"
"13/08 22:13","61882168","Тема","1047098","Хор(155) Себ(188) Неб(196) Айз(147) Ясм(188) Лир(172)","Lord","Shane","1133042","Эле(193) Бир(184) Фла(176) Ори(207) Авг(191) Хор(182)","35","Аль(9428) Каи(9428) Оли(10154) Фен(6894) Бис(4773)","Бис(11064) Акс(11064) ### Хор(11064) Аль(11064)"
"13/08 21:55","61882168","Тема","1010134","Хор(155) Тея(165) Ори(198) Кас(143) Йор(171) Кри(178)","62014817","Revel","1018844","Эле(187) Фла(181) Ори(207) Авг(194) Дор(68) Хор(182)","35","Мар(8518) Хор(9428) Бис(4773) Акс(9428) Мер(8854)","Оли(11064) Акс(11064) Мер(11064) Хор(11064) ###"
"13/08 19:31","Dobraia","Feя","1033121","Акс(182) Баб(151) Фла(113) Себ(203) Неб(196) Айз(188)","62157775","D..","1115903","Май(190) Сел(190) Бир(180) Эйд(185) Дор(190) Хор(182)","35","Акс(11064) Хор(11064) Аль(11064) Каи(4428) Мар(10154)","### ### ### ### ###"
"13/08 19:29","Dobraia","Feя","1103260","Акс(182) Фаф(203) Эйд(178) Исм(201) Лир(181) Эле(157)","62070789","Immortal","1186993","Кей(185) Лир(193) Три(197) Себ(203) ЛаК(227) Акс(182)","35","Мар(10154) Хор(11064) Фен(11064) Оли(4773) Мер(7204)","### Фен(11064) ### Аль(11064) Век(11064)"
"13/08 19:14","61882250","Kamul27rus","1158060","Аль(182) Эйд(176) ЛаК(202) Себ(202) Исм(206) Лир(191)","62152516","Yoktilar","1184804","Гал(205) Лир(190) Три(194) Себ(190) ЛаК(224) Акс(182)","35","Мер(11064) Век(8534) Аль(11064) Фен(7966) Оли(9888)","Оли(11064) Бис(11064) Фен(11064) ### Век(11064)"
"13/08 19:11","61882250","Kamul27rus","957074","Хор(146) Дор(59) Авг(191) Ори(196) Кас(175) Эле(191)","62157763","Kratos","1190456","Кей(194) Лир(195) Себ(202) ЛаК(224) Фаф(194) Акс(182)","35","Мер(11064) Аль(11064) Бис(6676) Хор(8875) Акс(11064)","Аль(11064) Бис(11064) Фен(11064) Век(11064) ###"
"13/08 18:43","61882246","Nergal","1106322","Фен(130) Эйд(187) ЛаК(197) Себ(200) Исм(206) Лир(187)","62152514","Ryuk","1126399","Ами(202) Неб(190) Хай(211) Эйд(191) Дор(150) Акс(182)","35","Мер(11064) Век(11064) Аль(11064) Фен(7907) Бис(4773)","Бис(11064) ### Каи(11064) Хор(11064) ###"
"13/08 18:38","61882246","Nergal","1056495","Хор(182) Тея(144) Ори(200) Бир(179) Гус(168) Эле(183)","62070789","Immortal","1166068","Кри(213) Кас(197) Фол(198) Авг(186) Тея(190) Мер(182)","35","Мар(4773) Хор(11064) Мер(11064) Фен(7907) Акс(11064)","Хор(11064) Мер(11064) Бис(11064) ### ###"
"13/08 18:14","Dobraia","Feя","1035240","Хор(182) Дор(176) Авг(187) Ори(183) Йор(142) Руф(165)","18116975","Jayman","1175169","Эле(198) Кас(197) Фла(192) Ори(207) Авг(199) Хор(182)","35","Мер(7204) Аль(11064) Мар(10154) Акс(11064) Оли(4773)","Оли(11064) Акс(11064) Бис(11064) Хор(11064) Аль(11064)"
"13/08 16:23","61882142","B.i.G","1080852","Акс(156) ЛаК(206) Фла(163) Себ(188) Неб(190) Айз(178)","Sire","Cei","1155047","Эле(184) Кас(196) Фла(190) Ори(206) Авг(197) Хор(182)","35","Век(9428) Мер(8518) Аль(11064) Каи(7837) Оли(11064)","### Акс(11064) Бис(11064) Мар(11064) Мер(11064)"
"13/08 16:23","61958839","Бальдр","1164196","Акс(182) Баб(194) Ада(182) Себ(203) Дан(214) Лир(189)","62157763","Kratos","1151568","Чаб(197) Авр(207) Руф(187) Аст(187) Гал(192) Оли(182)","35","Акс(11064) Век(11064) Аль(11064) Каи(11064) Бис(10154)","### Каи(11064) ### ### ###"
"13/08 16:14","61958839","Бальдр","1086248","Бис(172) Авг(186) Ори(196) Фла(178) Гус(165) Эле(190)","61360675","Ico","1196170","Гал(207) Гус(172) Неб(205) Себ(203) ЛаК(227) Акс(182)","35","Аль(11064) Мер(6706) Акс(11064) Фен(11064) Бис(10154)","Фен(11064) Хор(11064) Каи(11064) Аль(11064) Век(11064)"
"13/08 16:08","62082395","Винни","1085979","Акс(182) Баб(135) Себ(198) Неб(195) Айз(179) Аст(198)","Eques","Lucis","1044543","Эле(175) Йор(141) Фла(175) Ори(191) Авг(180) Хор(182)","35","### Аль(10154) Каи(8108) Оли(10154) Акс(11064)","Оли(11064) ### Хор(11064) Мер(11064) Бис(11064)"
"13/08 15:59","62082395","Винни","1120092","Хор(182) Дор(190) Ори(203) Фла(172) Йор(181) Эле(193)","52684406","Myrumi","1137420","Эле(187) Фла(184) Ори(207) Авг(193) Дор(184) Хор(182)","35","Мер(7804) Хор(11064) Бис(6894) Акс(11064) Оли(10154)","Оли(11064) Акс(11064) Хор(11064) Аль(11064) Мер(11064)"
"13/08 15:16","Бесенок","Ната","1018833","Хор(182) Дор(147) Авг(186) Ори(189) Фла(162) Эле(154)","62051875","Barbarossa","1142143","Лир(187) Исм(194) Себ(189) ЛаК(214) Эйд(176) Акс(182)","35","Акс(11064) Аль(11064) Хор(11064) Бис(6329) Оли(11064)","Фен(11064) ### ### Век(11064) ###"
"13/08 14:44","Бесенок","Ната","1133419","Акс(182) ЛаК(222) Йор(135) Себ(200) Айз(187) Дан(207)","62151831","Taka","1118578","Эле(178) Йор(178) Фла(185) Ори(202) Авг(193) Хор(182)","35","Век(9018) Акс(11064) Аль(11064) Оли(11064) Каи(11064)","Акс(11064) Оли(11064) Бис(11064) Мер(11064) Аль(11064)"
"13/08 14:18","61882267","ZOV","1174361","Хор(182) Гел(203) Дор(197) Авг(194) Ори(203) Аст(196)","62156082","????","1203340","Гал(208) Три(201) Цин(205) Ами(202) Неб(205) Хор(182)","35","Мер(11064) Акс(10154) Аль(11064) Бис(11064) Оли(9428)","Оли(11064) ### Фен(11064) Акс(11064) Каи(11064)"
"13/08 09:32","61882142","B.i.G","966260","Акс(156) Авг(166) Лар(172) Сом(118) Сел(172) Кри(181)","55363094","VampBlazer","1177563","Лир(178) Исм(207) Себ(203) ЛаК(224) Эйд(184) Акс(182)","35","Аль(11064) Бис(8518) Оли(11064) Мер(8518) Хор(9428)","### Мар(11064) Аль(11064) Фен(11064) ###"